<?xml version="1.0" encoding="UTF-8"?>
<!DOCTYPE mapper PUBLIC "-//mybatis.org//DTD Mapper 3.0//EN" "http://mybatis.org/dtd/mybatis-3-mapper.dtd">
<mapper namespace="com.company.project.dao.CartMapper">
  <resultMap id="BaseResultMap" type="com.company.project.model.Cart">
    <!--
      WARNING - @mbg.generated
    -->
    <id column="id" jdbcType="BIGINT" property="id" />
    <result column="created_at" jdbcType="TIMESTAMP" property="createdAt" />
    <result column="created_by" jdbcType="VARCHAR" property="createdBy" />
    <result column="updated_at" jdbcType="TIMESTAMP" property="updatedAt" />
    <result column="updated_by" jdbcType="VARCHAR" property="updatedBy" />
    <result column="is_delete" jdbcType="BIT" property="isDelete" />
    <result column="version" jdbcType="INTEGER" property="version" />
    <result column="status" jdbcType="INTEGER" property="status" />
    <result column="goods_id" jdbcType="BIGINT" property="goodsId" />
    <result column="number" jdbcType="INTEGER" property="number" />
    <result column="flag" jdbcType="INTEGER" property="flag" />
    <result column="shop_address" jdbcType="VARCHAR" property="shopAddress" />
    <result column="shop_phone" jdbcType="VARCHAR" property="shopPhone" />
  </resultMap>

    <select id="getByGoodsIdAndUserId" resultMap="BaseResultMap">
        select *
        from t_cart
        where is_delete = 0
        and created_by = #{createdBy}
        and goods_id = #{goodsId}
    </select>

  <update id="batchDelete">
      update t_cart
      set is_delete = 0
      where id in
      <foreach collection="array" item="item" open="(" separator="," close=")">
        #{item}
      </foreach>
  </update>

  <select id="list" resultType="com.company.project.model.Goods">
      select tc.id as cartId,tg.id as id,tg.goods_name as goodsName,tg.goods_type as goodsType,tg.repertory,
              tc.shop_address as shopAddress,tc.shop_phone as shopPhone,
              tg.selling_price as sellingPrice,tg.img_url as imgUrl,
              tg.sort,tg.sell_state as sellState,tg.new_state as newState,tg.graphic_details as graphicDetails,
              tc.number as number,tc.flag as cartFlag
      from t_cart tc
      left join t_goods tg on tc.goods_id = tg.id
      where tc.is_delete = 0
      and tg.is_delete = 0
      <if test="createdBy != null and createdBy != ''">
        and tc.created_by = #{createdBy}
      </if>
  </select>

</mapper>