<?xml version="1.0" encoding="UTF-8"?>
<!DOCTYPE mapper PUBLIC "-//mybatis.org//DTD Mapper 3.0//EN" "http://mybatis.org/dtd/mybatis-3-mapper.dtd">
<mapper namespace="com.company.project.dao.GoodsTypeMapper">
  <resultMap id="BaseResultMap" type="com.company.project.model.GoodsType">
    <!--
      WARNING - @mbg.generated
    -->
    <id column="id" jdbcType="BIGINT" property="id" />
    <result column="created_by" jdbcType="VARCHAR" property="createdBy" />
    <result column="created_at" jdbcType="TIMESTAMP" property="createdAt" />
    <result column="updated_by" jdbcType="VARCHAR" property="updatedBy" />
    <result column="updated_at" jdbcType="TIMESTAMP" property="updatedAt" />
    <result column="is_delete" jdbcType="BIT" property="isDelete" />
    <result column="version" jdbcType="INTEGER" property="version" />
    <result column="goods_type" jdbcType="VARCHAR" property="goodsType" />
      <result column="title" jdbcType="VARCHAR" property="title" />
      <result column="img_url" jdbcType="VARCHAR" property="imgUrl" />
      <result column="content" jdbcType="VARCHAR" property="content" />
  </resultMap>

  <select id="getNameById" resultType="java.lang.String">
      select goods_type
      from t_goods_type
      where is_delete = 0
      and id = #{goodsType}
  </select>

  <select id="list" resultMap="BaseResultMap">
        select *
        from t_goods_type
        where is_delete = 0
          <if test="goodsType != null and goodsType != ''">
              and goods_type like concat('%',#{goodsType},'%')
          </if>
    </select>

    <select id="findRandByModal" resultMap="BaseResultMap">
        select *
        from t_goods_type
        where is_delete = 0
        group by rand()
    </select>

</mapper>
