<?xml version="1.0" encoding="UTF-8"?>
<!DOCTYPE mapper PUBLIC "-//mybatis.org//DTD Mapper 3.0//EN" "http://mybatis.org/dtd/mybatis-3-mapper.dtd">
<mapper namespace="com.company.project.dao.LeaveMessageMapper">
  <resultMap id="BaseResultMap" type="com.company.project.model.LeaveMessage">
    <!--
      WARNING - @mbg.generated
    -->
    <id column="id" jdbcType="BIGINT" property="id" />
    <result column="created_by" jdbcType="VARCHAR" property="createdBy" />
    <result column="created_at" jdbcType="TIMESTAMP" property="createdAt" />
    <result column="updated_by" jdbcType="VARCHAR" property="updatedBy" />
    <result column="updated_at" jdbcType="TIMESTAMP" property="updatedAt" />
    <result column="is_delete" jdbcType="BIT" property="isDelete" />
    <result column="version" jdbcType="INTEGER" property="version" />
    <result column="status" jdbcType="INTEGER" property="status" />
    <result column="name" jdbcType="VARCHAR" property="name" />
    <result column="content" jdbcType="VARCHAR" property="content" />
    <result column="mobile" jdbcType="VARCHAR" property="mobile" />
    <result column="ip" jdbcType="VARCHAR" property="ip" />
    <result column="image" jdbcType="VARCHAR" property="image" />
  </resultMap>
</mapper>