<?xml version="1.0" encoding="UTF-8"?>
<!DOCTYPE mapper PUBLIC "-//mybatis.org//DTD Mapper 3.0//EN" "http://mybatis.org/dtd/mybatis-3-mapper.dtd">
<mapper namespace="com.company.project.dao.OrderMapper">
  <resultMap id="BaseResultMap" type="com.company.project.model.Order">
    <!--
      WARNING - @mbg.generated
    -->
    <id column="id" jdbcType="BIGINT" property="id" />
    <result column="created_at" jdbcType="TIMESTAMP" property="createdAt" />
    <result column="created_by" jdbcType="VARCHAR" property="createdBy" />
    <result column="updated_at" jdbcType="TIMESTAMP" property="updatedAt" />
    <result column="updated_by" jdbcType="VARCHAR" property="updatedBy" />
    <result column="is_delete" jdbcType="BIT" property="isDelete" />
    <result column="version" jdbcType="INTEGER" property="version" />
    <result column="status" jdbcType="INTEGER" property="status" />
    <result column="remark" jdbcType="VARCHAR" property="remark" />
    <result column="address" jdbcType="VARCHAR" property="address" />
    <result column="phone" jdbcType="VARCHAR" property="phone" />
    <result column="linkman" jdbcType="VARCHAR" property="linkman" />
    <result column="state" jdbcType="INTEGER" property="state" />
    <result column="total_money" jdbcType="TIMESTAMP" property="totalMoney" />
  </resultMap>

    <select id="getTodayCount" resultType="java.math.BigDecimal">
        select ifnull(sum(total_money),0)
        from t_order
        where is_delete = 0
        and date_format(created_at,'%Y-%d-%m') = date_format(#{date},'%Y-%d-%m')
    </select>

    <select id="getTodayOrderCount" resultType="java.math.BigDecimal">
        select count(1)
        from t_order
        where is_delete = 0
        and date_format(created_at,'%Y-%d-%m') = date_format(#{date},'%Y-%d-%m')
    </select>

    <select id="getMarketCount" resultType="java.math.BigDecimal">
        select sum(total_money)
        from t_order
        where is_delete = 0
    </select>

    <select id="getMarketOrderCount" resultType="java.math.BigDecimal">
        select count(1)
        from t_order
        where is_delete = 0
    </select>

  <select id="detail" resultMap="BaseResultMap">
        select *
        from t_order
        where is_delete = 0
        and id = #{id}
    </select>

  <select id="list" resultMap="BaseResultMap">
        select *
        from t_order
        where is_delete = 0
      <if test="status != null">
          and status = #{status}
      </if>
      <if test="id != null and id != ''">
          and id = #{id}
      </if>
        order by created_at desc
    </select>

</mapper>
