<?xml version="1.0" encoding="UTF-8"?>
<!DOCTYPE mapper PUBLIC "-//mybatis.org//DTD Mapper 3.0//EN" "http://mybatis.org/dtd/mybatis-3-mapper.dtd">
<mapper namespace="com.company.project.dao.OrderDetailsMapper">
  <resultMap id="BaseResultMap" type="com.company.project.model.OrderDetails">
    <!--
      WARNING - @mbg.generated
    -->
    <id column="id" jdbcType="BIGINT" property="id" />
    <result column="created_at" jdbcType="TIMESTAMP" property="createdAt" />
    <result column="created_by" jdbcType="VARCHAR" property="createdBy" />
    <result column="updated_at" jdbcType="TIMESTAMP" property="updatedAt" />
    <result column="updated_by" jdbcType="VARCHAR" property="updatedBy" />
    <result column="is_delete" jdbcType="BIT" property="isDelete" />
    <result column="version" jdbcType="INTEGER" property="version" />
    <result column="status" jdbcType="INTEGER" property="status" />
    <result column="goods_id" jdbcType="BIGINT" property="goodsId" />
    <result column="number" jdbcType="INTEGER" property="number" />
    <result column="order_id" jdbcType="BIGINT" property="orderId" />
    <result column="shop_address" jdbcType="VARCHAR" property="shopAddress" />
    <result column="shop_phone" jdbcType="VARCHAR" property="shopPhone" />
  </resultMap>

    <select id="getCountByGoodsId" resultType="java.lang.Integer">
        select count(1)
        from t_order_details
        where is_delete = 0
        and goods_id = #{goodsId}
    </select>

  <select id="selectByOrderId" resultType="com.company.project.model.OrderDetails">
        select d.order_id as orderId,d.number as number, d.goods_id as goodsId,d.id as id,
                d.shop_address as shopAddress,d.shop_phone as shopPhone,
                t.status as status,t.goods_name as goodsName,t.goods_type as goodsType,
                t.repertory as repertory,t.selling_price as sellingPrice,
                t.img_url as imgUrl,t.sort as sort,t.sell_state as sellState,t.new_state as newState,t.graphic_details as graphicDetails,
                ifnull((select count(1) from t_order_details where is_delete = 0 and goods_id = t.id),0) as salesVolume,
                t.site as site,t.exposure_number as exposureNumber
        from t_order_details d
        inner join t_goods t on d.goods_id = t.id
        where d.is_delete = 0
        and d.order_id = #{orderId}
    </select>

</mapper>
