<?xml version="1.0" encoding="UTF-8"?>
<!DOCTYPE mapper PUBLIC "-//mybatis.org//DTD Mapper 3.0//EN" "http://mybatis.org/dtd/mybatis-3-mapper.dtd">
<mapper namespace="com.company.project.dao.ShippingAddressMapper">
  <resultMap id="BaseResultMap" type="com.company.project.model.ShippingAddress">
    <!--
      WARNING - @mbg.generated
    -->
    <id column="id" jdbcType="BIGINT" property="id" />
    <result column="created_at" jdbcType="TIMESTAMP" property="createdAt" />
    <result column="created_by" jdbcType="VARCHAR" property="createdBy" />
    <result column="updated_at" jdbcType="TIMESTAMP" property="updatedAt" />
    <result column="updated_by" jdbcType="VARCHAR" property="updatedBy" />
    <result column="is_delete" jdbcType="BIT" property="isDelete" />
    <result column="version" jdbcType="INTEGER" property="version" />
    <result column="status" jdbcType="INTEGER" property="status" />
    <result column="consignee" jdbcType="VARCHAR" property="consignee" />
    <result column="phone" jdbcType="VARCHAR" property="phone" />
    <result column="address" jdbcType="VARCHAR" property="address" />
  </resultMap>
</mapper>