<?xml version="1.0" encoding="UTF-8"?>
<!DOCTYPE mapper PUBLIC "-//mybatis.org//DTD Mapper 3.0//EN" "http://mybatis.org/dtd/mybatis-3-mapper.dtd">
<mapper namespace="com.company.project.dao.ShopMapper">
  <resultMap id="BaseResultMap" type="com.company.project.model.Shop">
    <!--
      WARNING - @mbg.generated
    -->
    <id column="id" jdbcType="BIGINT" property="id" />
    <result column="created_by" jdbcType="VARCHAR" property="createdBy" />
    <result column="created_at" jdbcType="TIMESTAMP" property="createdAt" />
    <result column="updated_by" jdbcType="VARCHAR" property="updatedBy" />
    <result column="updated_at" jdbcType="TIMESTAMP" property="updatedAt" />
    <result column="is_delete" jdbcType="BIT" property="isDelete" />
    <result column="version" jdbcType="INTEGER" property="version" />
    <result column="status" jdbcType="INTEGER" property="status" />
    <result column="name" jdbcType="VARCHAR" property="name" />
    <result column="image" jdbcType="VARCHAR" property="image" />
    <result column="content" jdbcType="VARCHAR" property="content" />
    <result column="longitude" jdbcType="VARCHAR" property="longitude" />
    <result column="dimension" jdbcType="VARCHAR" property="dimension" />
    <result column="address" jdbcType="LONGVARCHAR" property="address" />
    <result column="phone" jdbcType="LONGVARCHAR" property="phone" />
  </resultMap>

    <select id="detail" resultType="com.company.project.model.Shop">
        select s.id as id,s.created_at as createdAt,s.created_by as createdBy,
                s.updated_by as updatedBy,s.updated_at as updatedAt,s.status as status,
                s.name as name,s.image as image,s.content as content,
                s.longitude as longitude,s.dimension as dimension,s.address as address,
                s.phone as phone,
                u.user_name as userName,u.avatar as avatar
        from t_shop s
        left join t_user u on s.created_by = u.id
        where s.is_delete = 0
        and s.id = #{id}
    </select>

    <select id="findAllByModal" resultMap="BaseResultMap">
        select *
        from t_shop
        where is_delete = 0
    </select>

    <select id="list" resultMap="BaseResultMap">
        select *
        from t_shop
        where is_delete = 0
      <if test="createdBy != null and createdBy != ''">
        and created_by = #{createdBy}
      </if>
    </select>

</mapper>