<?xml version="1.0" encoding="UTF-8"?>
<!DOCTYPE mapper PUBLIC "-//mybatis.org//DTD Mapper 3.0//EN" "http://mybatis.org/dtd/mybatis-3-mapper.dtd">
<mapper namespace="com.company.project.dao.SysMenuMapper">
  <resultMap id="BaseResultMap" type="com.company.project.model.SysMenu">
    <!--
      WARNING - @mbg.generated
    -->
    <id column="id" jdbcType="BIGINT" property="id" />
    <result column="created_at" jdbcType="TIMESTAMP" property="createdAt" />
    <result column="created_by" jdbcType="VARCHAR" property="createdBy" />
    <result column="updated_at" jdbcType="TIMESTAMP" property="updatedAt" />
    <result column="updated_by" jdbcType="VARCHAR" property="updatedBy" />
    <result column="is_delete" jdbcType="BIT" property="isDelete" />
    <result column="version" jdbcType="INTEGER" property="version" />
    <result column="status" jdbcType="INTEGER" property="status" />
    <result column="parent_id" jdbcType="BIGINT" property="parentId" />
    <result column="name" jdbcType="VARCHAR" property="name" />
    <result column="link_url" jdbcType="VARCHAR" property="linkUrl" />
    <result column="image_url" jdbcType="VARCHAR" property="imageUrl" />
    <result column="enable_flag" jdbcType="BIT" property="enableFlag" />
    <result column="sort_id" jdbcType="INTEGER" property="sortId" />
  </resultMap>

    <select id="selectMenuByRoleId" resultMap="BaseResultMap">
        select id,created_at,created_by,updated_at,updated_by,parent_id,name,link_url,image_url,enable_flag,sort_id
        from t_sys_menu
        where is_delete = 0
        and parent_id = #{roleId}
    </select>

</mapper>